381.450012,386.459991,391.470001,396.470001,401.480011,406.48999,411.5,416.51001,421.519989,426.529999,431.540009,436.540009,441.549988,446.559998,451.570007,456.579987,461.589996,466.600006,471.600006,476.609985,481.619995,486.630005,491.640015,496.649994,501.660004,506.670013,511.670013,516.679993,521.690002,526.700012,531.710022,536.719971,541.72998,546.72998,551.73999,556.75,561.76001,566.77002,571.780029,576.789978,581.799988,586.799988,591.809998,596.820007,601.830017,606.840027,611.849976,616.859985,621.859985,626.869995,631.880005,636.890015,641.900024,646.909973,651.919983,656.929993,661.929993,666.940002,671.950012,676.960022,681.969971,686.97998,691.98999,696.98999,702.0,707.01001,712.02002,717.030029,722.039978,727.049988,732.059998,737.059998,742.070007,747.080017,752.090027,757.099976,762.109985,767.119995,772.119995,777.130005,782.140015,787.150024,792.159973,797.169983,802.179993,807.190002,812.190002,817.200012,822.210022,827.219971,832.22998,837.23999,842.25,847.25,852.26001,857.27002,862.280029,867.289978,872.299988,877.309998,882.320007,887.320007,892.330017,897.340027,902.349976,907.359985,912.369995,917.380005,922.390015,927.390015,932.400024,937.409973,942.419983,947.429993,952.440002,957.450012,962.450012,967.460022,972.469971,977.47998,982.48999,987.5,992.51001,997.52002,1002.52002,1007.530029,1012.539978,1017.549988,1022.559998,1027.569946,1032.579956,1037.579956,1042.589966,1047.599976,1052.609985,1057.619995,1062.630005,1067.640015,1072.650024,1077.650024,1082.660034,1087.670044,1092.680054,1097.689941,1102.699951,1107.709961,1112.709961,1117.719971,1122.72998,1127.73999,1132.75,1137.76001,1142.77002,1147.780029,1152.780029,1157.790039,1162.800049,1167.810059,1172.819946,1177.829956,1182.839966,1187.839966,1192.849976,1197.859985,1202.869995,1207.880005,1212.890015,1217.900024,1222.910034,1227.910034,1232.920044,1237.930054,1242.939941,1247.949951,1252.959961,1257.969971,1262.969971,1267.97998,1272.98999,1278.0,1283.01001,1288.02002,1293.030029,1298.040039,1303.040039,1308.050049,1313.060059,1318.069946,1323.079956,1328.089966,1333.099976,1338.099976,1343.109985,1433.27002,1438.280029,1443.290039,1448.300049,1453.300049,1458.310059,1463.319946,1468.329956,1473.339966,1478.349976,1483.359985,1488.359985,1493.369995,1498.380005,1503.390015,1508.400024,1513.410034,1518.420044,1523.430054,1528.430054,1533.439941,1538.449951,1543.459961,1548.469971,1553.47998,1558.48999,1563.48999,1568.5,1573.51001,1578.52002,1583.530029,1588.540039,1593.550049,1598.560059,1603.560059,1608.569946,1613.579956,1618.589966,1623.599976,1628.609985,1633.619995,1638.619995,1643.630005,1648.640015,1653.650024,1658.660034,1663.670044,1668.680054,1673.689941,1678.689941,1683.699951,1688.709961,1693.719971,1698.72998,1703.73999,1708.75,1713.75,1718.76001,1723.77002,1728.780029,1733.790039,1738.800049,1743.810059,1748.819946,1753.819946,1758.829956,1763.839966,1768.849976,1773.859985,1954.170044,1959.180054,1964.189941,1969.199951,1974.209961,1979.209961,1984.219971,1989.22998,1994.23999,1999.25,2004.26001,2009.27002,2014.280029,2019.280029,2024.290039,2029.300049,2034.310059,2039.319946,2044.329956,2049.340088,2054.340088,2059.350098,2064.360107,2069.370117,2074.379883,2079.389893,2084.399902,2089.409912,2094.409912,2099.419922,2104.429932,2109.439941,2114.449951,2119.459961,2124.469971,2129.469971,2134.47998,2139.48999,2144.5,2149.51001,2154.52002,2159.530029,2164.540039,2169.540039,2174.550049,2179.560059,2184.570068,2189.580078,2194.590088,2199.600098,2204.600098,2209.610107,2214.620117,2219.629883,2224.639893,2229.649902,2234.659912,2239.669922,2244.669922,2249.679932,2254.689941,2259.699951,2264.709961,2269.719971,2274.72998,2279.72998,2284.73999,2289.75,2294.76001,2299.77002,2304.780029,2309.790039,2314.800049,2319.800049,2324.810059,2329.820068,2334.830078,2339.840088,2344.850098,2349.860107,2354.860107,2359.870117,2364.879883,2369.889893,2374.899902,2379.909912,2384.919922,2389.929932,2394.929932,2399.939941,2404.949951,2409.959961,2414.969971,2419.97998,2424.98999,2429.98999,2435.0,2440.01001,2445.02002,2450.030029,2455.040039,2460.050049,2465.060059,2470.060059,2475.070068,2480.080078,2485.090088,2490.100098,2495.110107,2500.120117,vegetable,location
-0.00614,-5.7e-05,0.000979,0.003859,0.006918,0.009059,0.010704,0.012752,0.014337,0.016199,0.019492,0.020328,0.022293,0.023951,0.025643,0.026684,0.02865,0.029479,0.030506,0.031287,0.032435,0.033055,0.033728,0.034459,0.034765,0.036055,0.037544,0.041001,0.042931,0.045832,0.04837,0.05053,0.052609,0.05387,0.055731,0.056551,0.05664,0.057138,0.056518,0.056366,0.055937,0.056428,0.05696,0.057096,0.05616,0.05633,0.05602,0.054975,0.053544,0.054348,0.054544,0.054376,0.054314,0.054454,0.053632,0.052978,0.051356,0.05029,0.050203,0.048571,0.050196,0.05262,0.059583,0.068925,0.080647,0.091383,0.10351,0.117999,0.132737,0.146462,0.159736,0.171481,0.183873,0.192807,0.198625,0.20593,0.206346,0.206287,0.213572,0.216538,0.218158,0.219498,0.222646,0.223627,0.224827,0.226437,0.227793,0.228735,0.23043,0.227493,0.229346,0.229724,0.229161,0.232249,0.233202,0.231982,0.232234,0.232234,0.233078,0.234381,0.234189,0.234667,0.238448,0.238997,0.237256,0.238557,0.238507,0.237185,0.237731,0.240938,0.255179,0.248467,0.243903,0.239189,0.234715,0.226052,0.226576,0.221149,0.22523,0.224963,0.221653,0.224613,0.227835,0.228547,0.231282,0.232546,0.23528,0.238291,0.239823,0.243065,0.243546,0.245503,0.247301,0.249424,0.248775,0.252145,0.254464,0.254068,0.254899,0.252554,0.253889,0.254984,0.257,0.25305,0.255485,0.250499,0.253137,0.257125,0.266598,0.256699,0.234612,0.217839,0.228683,0.217145,0.208257,0.200645,0.198714,0.199151,0.200082,0.201448,0.20072,0.199846,0.198464,0.200386,0.197466,0.196325,0.197741,0.198693,0.200812,0.202773,0.204364,0.207223,0.209281,0.210424,0.211977,0.213815,0.215989,0.215508,0.21183,0.212858,0.209686,0.208457,0.205879,0.203409,0.20344,0.197101,0.195942,0.188617,0.181917,0.177918,0.168169,0.163572,0.153045,0.076674,0.098633,0.085631,0.071803,0.067543,0.063852,0.063482,0.072699,0.065742,0.068167,0.067668,0.071711,0.069881,0.071335,0.073951,0.074894,0.077376,0.07967,0.08118,0.084155,0.085246,0.087843,0.090186,0.091771,0.0937,0.095917,0.097928,0.098798,0.100404,0.102803,0.104497,0.10652,0.108008,0.109829,0.110684,0.111891,0.112568,0.115251,0.11652,0.117558,0.119167,0.118707,0.120577,0.121271,0.122056,0.121974,0.120936,0.120928,0.120617,0.118654,0.118616,0.118401,0.117145,0.115812,0.113874,0.112711,0.111787,0.108946,0.107021,0.106275,0.105822,0.107047,0.105762,0.104559,0.102934,0.100583,0.099083,0.096736,0.094697,0.04623,0.043423,0.044869,0.036785,0.036682,0.037424,0.038364,0.039606,0.038448,0.039465,0.039561,0.039069,0.045107,0.04485,0.043057,0.044521,0.04642,0.045536,0.047452,0.04674,0.048136,0.049368,0.049395,0.050743,0.051835,0.0514,0.052609,0.052688,0.051578,0.053441,0.053729,0.054444,0.055642,0.05551,0.055473,0.055527,0.057719,0.056029,0.054879,0.057192,0.058334,0.055817,0.05759,0.05848,0.05769,0.05764,0.058631,0.057302,0.05716,0.057025,0.056093,0.056288,0.057324,0.056862,0.056034,0.055596,0.055651,0.055023,0.053416,0.052985,0.050931,0.049591,0.050009,0.04956,0.047456,0.047261,0.047218,0.043909,0.044421,0.044001,0.042014,0.041138,0.041415,0.040976,0.041509,0.039665,0.039323,0.037713,0.037949,0.037331,0.038527,0.03512,0.035068,0.036534,0.031667,0.034559,0.033504,0.03201,0.029736,0.029934,0.030369,0.030348,0.030866,0.028387,0.028078,0.025472,0.03057,0.023434,0.025183,0.033836,0.024394,0.021908,0.019948,0.026732,0.021171,0.028168,0.108565,0.053708,0.090243,0.051435,tomato,maddur
-0.030058,-0.016441,-0.010252,-0.006771,-9.1e-05,0.003898,0.005669,0.009518,0.012497,0.013272,0.021041,0.021372,0.024537,0.026685,0.028901,0.03143,0.03525,0.035744,0.037907,0.038242,0.041263,0.042434,0.042421,0.04486,0.04636,0.046815,0.048822,0.052393,0.055011,0.057883,0.060394,0.06259,0.065071,0.067294,0.069276,0.068803,0.068745,0.068804,0.067965,0.067236,0.067205,0.068834,0.069643,0.069694,0.069743,0.069284,0.069455,0.06872,0.068232,0.069313,0.070169,0.070555,0.069486,0.069792,0.070102,0.070111,0.068805,0.069137,0.068692,0.068015,0.069316,0.072963,0.078985,0.089773,0.099988,0.111947,0.123236,0.137695,0.151566,0.15854,0.165921,0.170703,0.1763,0.178996,0.182025,0.183829,0.185756,0.18643,0.18902,0.189553,0.190629,0.191411,0.192136,0.194481,0.195889,0.195111,0.195775,0.198485,0.197871,0.199095,0.198795,0.199206,0.199139,0.199887,0.200576,0.20198,0.201774,0.202242,0.201146,0.202783,0.202549,0.203223,0.203005,0.201443,0.205099,0.203215,0.205127,0.205116,0.204602,0.2002,0.208595,0.217763,0.209387,0.208379,0.207421,0.203523,0.205031,0.206163,0.205141,0.205977,0.205622,0.206638,0.207847,0.207836,0.209976,0.21189,0.211563,0.214338,0.213468,0.213329,0.214292,0.215431,0.215256,0.215097,0.215177,0.215448,0.214915,0.215954,0.216459,0.218056,0.21684,0.216082,0.216132,0.215369,0.216121,0.213245,0.210046,0.217812,0.220478,0.224165,0.212185,0.206251,0.201199,0.205485,0.200147,0.199977,0.201428,0.201754,0.203875,0.203833,0.205416,0.207528,0.206448,0.206914,0.204878,0.204594,0.2045,0.205003,0.204228,0.205035,0.205271,0.206276,0.20608,0.205484,0.205681,0.205441,0.204204,0.205013,0.205374,0.206243,0.205154,0.204685,0.203752,0.201376,0.201148,0.199026,0.197322,0.195549,0.194212,0.189034,0.186029,0.182015,0.169674,0.13225,0.141093,0.143612,0.120763,0.116228,0.109915,0.113119,0.127574,0.116571,0.116537,0.119038,0.12083,0.122154,0.122743,0.125395,0.127821,0.129933,0.132809,0.13568,0.137999,0.139639,0.142175,0.1446,0.146066,0.147222,0.149906,0.152473,0.154391,0.154958,0.156869,0.159311,0.158743,0.162607,0.163881,0.165893,0.166902,0.167862,0.168826,0.170866,0.170844,0.171945,0.171682,0.174228,0.174391,0.174771,0.175012,0.174881,0.175545,0.174731,0.174852,0.174714,0.174083,0.173032,0.172972,0.172385,0.171302,0.169985,0.16948,0.166607,0.166435,0.165048,0.164425,0.163288,0.162395,0.160213,0.158044,0.155771,0.151348,0.14933,0.10768,0.106909,0.08927,0.078973,0.077547,0.077687,0.077328,0.077417,0.078638,0.088465,0.118365,0.093631,0.100923,0.09558,0.088438,0.088246,0.088904,0.091213,0.091334,0.096048,0.100962,0.100471,0.102344,0.103165,0.102131,0.10287,0.101259,0.103781,0.105189,0.107371,0.106805,0.108099,0.110031,0.111383,0.111172,0.111909,0.111533,0.111057,0.113248,0.114802,0.114244,0.11506,0.116709,0.117008,0.117093,0.116158,0.117537,0.117117,0.116457,0.116482,0.115675,0.116854,0.116219,0.115234,0.115575,0.115466,0.113459,0.112434,0.110833,0.110682,0.1081,0.105655,0.105071,0.103768,0.103257,0.10033,0.099356,0.098878,0.096849,0.095404,0.091267,0.091614,0.0908,0.090464,0.087908,0.087783,0.086862,0.08584,0.083709,0.084591,0.080747,0.080563,0.077992,0.079302,0.075311,0.073326,0.072733,0.072514,0.071978,0.067638,0.068411,0.067221,0.071611,0.065159,0.061436,0.057512,0.062706,0.051692,0.058169,0.064684,0.052464,0.050772,0.047242,0.050998,0.055753,0.049692,0.114198,0.155864,0.103404,0.065014,wheat,jhagdia
-0.00614,-5.7e-05,0.000979,0.003859,0.006918,0.009059,0.010704,0.012752,0.014337,0.016199,0.019492,0.020328,0.022293,0.023951,0.025643,0.026684,0.02865,0.029479,0.030506,0.031287,0.032435,0.033055,0.033728,0.034459,0.034765,0.036055,0.037544,0.041001,0.042931,0.045832,0.04837,0.05053,0.052609,0.05387,0.055731,0.056551,0.05664,0.057138,0.056518,0.056366,0.055937,0.056428,0.05696,0.057096,0.05616,0.05633,0.05602,0.054975,0.053544,0.054348,0.054544,0.054376,0.054314,0.054454,0.053632,0.052978,0.051356,0.05029,0.050203,0.048571,0.050196,0.05262,0.059583,0.068925,0.080647,0.091383,0.10351,0.117999,0.132737,0.146462,0.159736,0.171481,0.183873,0.192807,0.198625,0.20593,0.206346,0.206287,0.213572,0.216538,0.218158,0.219498,0.222646,0.223627,0.224827,0.226437,0.227793,0.228735,0.23043,0.227493,0.229346,0.229724,0.229161,0.232249,0.233202,0.231982,0.232234,0.232234,0.233078,0.234381,0.234189,0.234667,0.238448,0.238997,0.237256,0.238557,0.238507,0.237185,0.237731,0.240938,0.255179,0.248467,0.243903,0.239189,0.234715,0.226052,0.226576,0.221149,0.22523,0.224963,0.221653,0.224613,0.227835,0.228547,0.231282,0.232546,0.23528,0.238291,0.239823,0.243065,0.243546,0.245503,0.247301,0.249424,0.248775,0.252145,0.254464,0.254068,0.254899,0.252554,0.253889,0.254984,0.257,0.25305,0.255485,0.250499,0.253137,0.257125,0.266598,0.256699,0.234612,0.217839,0.228683,0.217145,0.208257,0.200645,0.198714,0.199151,0.200082,0.201448,0.20072,0.199846,0.198464,0.200386,0.197466,0.196325,0.197741,0.198693,0.200812,0.202773,0.204364,0.207223,0.209281,0.210424,0.211977,0.213815,0.215989,0.215508,0.21183,0.212858,0.209686,0.208457,0.205879,0.203409,0.20344,0.197101,0.195942,0.188617,0.181917,0.177918,0.168169,0.163572,0.153045,0.076674,0.098633,0.085631,0.071803,0.067543,0.063852,0.063482,0.072699,0.065742,0.068167,0.067668,0.071711,0.069881,0.071335,0.073951,0.074894,0.077376,0.07967,0.08118,0.084155,0.085246,0.087843,0.090186,0.091771,0.0937,0.095917,0.097928,0.098798,0.100404,0.102803,0.104497,0.10652,0.108008,0.109829,0.110684,0.111891,0.112568,0.115251,0.11652,0.117558,0.119167,0.118707,0.120577,0.121271,0.122056,0.121974,0.120936,0.120928,0.120617,0.118654,0.118616,0.118401,0.117145,0.115812,0.113874,0.112711,0.111787,0.108946,0.107021,0.106275,0.105822,0.107047,0.105762,0.104559,0.102934,0.100583,0.099083,0.096736,0.094697,0.04623,0.043423,0.044869,0.036785,0.036682,0.037424,0.038364,0.039606,0.038448,0.039465,0.039561,0.039069,0.045107,0.04485,0.043057,0.044521,0.04642,0.045536,0.047452,0.04674,0.048136,0.049368,0.049395,0.050743,0.051835,0.0514,0.052609,0.052688,0.051578,0.053441,0.053729,0.054444,0.055642,0.05551,0.055473,0.055527,0.057719,0.056029,0.054879,0.057192,0.058334,0.055817,0.05759,0.05848,0.05769,0.05764,0.058631,0.057302,0.05716,0.057025,0.056093,0.056288,0.057324,0.056862,0.056034,0.055596,0.055651,0.055023,0.053416,0.052985,0.050931,0.049591,0.050009,0.04956,0.047456,0.047261,0.047218,0.043909,0.044421,0.044001,0.042014,0.041138,0.041415,0.040976,0.041509,0.039665,0.039323,0.037713,0.037949,0.037331,0.038527,0.03512,0.035068,0.036534,0.031667,0.034559,0.033504,0.03201,0.029736,0.029934,0.030369,0.030348,0.030866,0.028387,0.028078,0.025472,0.03057,0.023434,0.025183,0.033836,0.024394,0.021908,0.019948,0.026732,0.021171,0.028168,0.108565,0.053708,0.090243,0.051435,mango,talala
-7.2e-05,0.002772,0.007863,0.010647,0.012516,0.01521,0.018447,0.021164,0.023387,0.026138,0.029991,0.030804,0.033555,0.036056,0.038412,0.040112,0.04275,0.044243,0.045974,0.047817,0.0495,0.051518,0.052275,0.054165,0.056046,0.057144,0.059687,0.062615,0.065167,0.067799,0.070459,0.073312,0.075508,0.078816,0.082001,0.084905,0.088441,0.092358,0.094988,0.098847,0.102218,0.106106,0.110622,0.112414,0.114991,0.117065,0.119712,0.120788,0.12294,0.124326,0.12679,0.128402,0.129661,0.131832,0.133493,0.135328,0.136656,0.138597,0.139927,0.141337,0.143967,0.146058,0.151369,0.156205,0.160212,0.164632,0.169039,0.175912,0.181171,0.185284,0.188811,0.191178,0.194356,0.195838,0.197383,0.201912,0.201693,0.202668,0.204825,0.205556,0.207571,0.208621,0.210042,0.210464,0.211598,0.212192,0.213201,0.216499,0.216069,0.215695,0.216264,0.216477,0.216157,0.216689,0.216755,0.217809,0.217314,0.218173,0.21805,0.218838,0.220006,0.22116,0.219993,0.22284,0.224153,0.224929,0.226421,0.226578,0.226372,0.227312,0.237559,0.244944,0.237659,0.236933,0.236426,0.237932,0.23756,0.234744,0.236056,0.240298,0.239587,0.240016,0.241867,0.242643,0.244823,0.246975,0.247321,0.238819,0.25062,0.251551,0.253368,0.255118,0.254329,0.256782,0.25779,0.258507,0.261095,0.261444,0.262338,0.26296,0.264376,0.266137,0.267047,0.268922,0.269829,0.268956,0.268511,0.275245,0.276319,0.282491,0.263147,0.262739,0.269266,0.273903,0.272895,0.275019,0.275217,0.277426,0.279083,0.282886,0.284933,0.285791,0.287534,0.289715,0.287224,0.285578,0.287198,0.288377,0.288535,0.289596,0.290869,0.291638,0.292646,0.293752,0.296469,0.298085,0.301901,0.301132,0.300334,0.297386,0.29682,0.295508,0.293724,0.294859,0.294863,0.29543,0.296087,0.295057,0.294201,0.290154,0.290257,0.287916,0.273713,0.283069,0.279049,0.293711,0.282221,0.283401,0.284717,0.292769,0.285473,0.290646,0.290785,0.298959,0.302631,0.305959,0.30644,0.31269,0.312095,0.314656,0.315298,0.317902,0.318804,0.318871,0.319213,0.324192,0.323988,0.322105,0.325712,0.326558,0.327236,0.328491,0.330428,0.330298,0.331489,0.333495,0.336127,0.333349,0.336663,0.335279,0.334685,0.337167,0.337809,0.338761,0.336842,0.340334,0.340741,0.339227,0.341864,0.341463,0.341155,0.342439,0.342532,0.342759,0.342617,0.342578,0.343294,0.343284,0.343547,0.342527,0.340419,0.340978,0.34186,0.340686,0.340919,0.339928,0.342072,0.337747,0.337996,0.333743,0.329961,0.324301,0.250695,0.285216,0.28787,0.275402,0.279679,0.283671,0.284959,0.281993,0.286793,0.287041,0.307499,0.296771,0.305079,0.301915,0.296298,0.299875,0.303237,0.305291,0.311204,0.311805,0.318266,0.317716,0.320095,0.317357,0.3196,0.316874,0.318873,0.318679,0.317596,0.321724,0.320498,0.321076,0.318381,0.320367,0.317704,0.318187,0.3153,0.311944,0.308787,0.30568,0.302936,0.294613,0.292568,0.289464,0.286381,0.283504,0.281621,0.279056,0.271427,0.267043,0.259457,0.263597,0.271975,0.277694,0.281476,0.286698,0.284406,0.282345,0.281443,0.279453,0.279937,0.277268,0.276302,0.273945,0.272126,0.269347,0.26596,0.263585,0.261581,0.259127,0.255784,0.25076,0.248447,0.246827,0.246009,0.243233,0.241863,0.237903,0.236314,0.232214,0.23145,0.226039,0.220562,0.222519,0.212901,0.211821,0.216038,0.20773,0.208084,0.203513,0.200439,0.194561,0.195914,0.192949,0.189452,0.174984,0.188566,0.166996,0.162836,0.172986,0.158202,0.143195,0.145537,0.142706,0.131687,0.13048,0.182004,0.181159,0.177383,0.102869,cotton,maddur
-0.026789,-0.0166,-0.010004,-0.004455,-0.001093,0.001353,0.003771,0.005735,0.00759,0.008504,0.014357,0.012914,0.016237,0.017886,0.019297,0.020181,0.022606,0.023396,0.024144,0.024757,0.025915,0.027966,0.027476,0.027647,0.028397,0.02873,0.030715,0.033387,0.03487,0.03739,0.038983,0.040916,0.041493,0.042143,0.043275,0.042898,0.041809,0.040173,0.038891,0.037695,0.036989,0.037965,0.038939,0.037685,0.036417,0.036176,0.035186,0.034645,0.03386,0.033332,0.033702,0.033746,0.033603,0.033197,0.032997,0.033308,0.031825,0.030976,0.030724,0.028931,0.029561,0.030925,0.034691,0.041279,0.049155,0.058383,0.068723,0.084924,0.104046,0.12644,0.151736,0.171919,0.192712,0.210557,0.224421,0.228672,0.237981,0.244207,0.250418,0.252428,0.254033,0.25592,0.258386,0.260045,0.261084,0.261379,0.260748,0.265886,0.267213,0.267833,0.265367,0.266217,0.267314,0.267521,0.26727,0.268858,0.268676,0.268493,0.269591,0.270401,0.269149,0.271066,0.269715,0.269959,0.275157,0.271843,0.272416,0.27384,0.271276,0.266523,0.270394,0.277554,0.268299,0.263842,0.25389,0.245552,0.239758,0.23704,0.237281,0.238183,0.238239,0.238788,0.241141,0.242965,0.246405,0.250963,0.253021,0.256828,0.25869,0.262311,0.265779,0.268967,0.271358,0.272653,0.273338,0.2748,0.275542,0.276143,0.27642,0.27742,0.27799,0.277566,0.275304,0.274584,0.272827,0.268866,0.26291,0.266693,0.272624,0.271545,0.249723,0.233542,0.229154,0.220761,0.204325,0.19785,0.19413,0.19421,0.194606,0.194657,0.194589,0.194009,0.19292,0.193966,0.190096,0.189537,0.19175,0.191594,0.193661,0.194054,0.194276,0.197081,0.196014,0.198007,0.1989,0.198371,0.197966,0.197354,0.198438,0.197603,0.196456,0.195227,0.191532,0.187638,0.183945,0.18004,0.173779,0.166382,0.159833,0.152206,0.147838,0.137143,0.127552,0.070306,0.072268,0.068015,0.049529,0.041903,0.036378,0.038599,0.049609,0.042042,0.040721,0.039246,0.040083,0.037963,0.038443,0.040277,0.042205,0.043524,0.045599,0.04695,0.049085,0.050907,0.053792,0.05557,0.057376,0.060114,0.061645,0.064186,0.064677,0.067148,0.067712,0.069876,0.072005,0.073813,0.075132,0.07672,0.077745,0.080061,0.081046,0.082533,0.083577,0.085401,0.086328,0.086186,0.087458,0.087736,0.088447,0.089508,0.088571,0.088296,0.088637,0.088342,0.087736,0.086682,0.086042,0.084809,0.084375,0.083795,0.08229,0.080814,0.079864,0.078222,0.077664,0.076486,0.075187,0.073069,0.071353,0.069229,0.066507,0.064397,0.026662,0.029713,0.017719,0.010587,0.011566,0.011023,0.011193,0.011755,0.011187,0.014473,0.018216,0.014295,0.014728,0.017141,0.015043,0.015167,0.015157,0.016457,0.016948,0.017132,0.01871,0.019096,0.021384,0.021153,0.020837,0.021954,0.022599,0.022414,0.023008,0.025513,0.024724,0.025648,0.026334,0.026931,0.028127,0.02795,0.028839,0.029244,0.029564,0.029844,0.030248,0.030342,0.031183,0.031365,0.032205,0.032292,0.03281,0.032631,0.033607,0.033024,0.032988,0.034006,0.033944,0.033786,0.033624,0.033288,0.03194,0.031868,0.03074,0.030393,0.028997,0.02799,0.026928,0.026562,0.02507,0.024848,0.025157,0.023877,0.024151,0.022903,0.022172,0.021402,0.0203,0.020295,0.02054,0.019784,0.01892,0.018214,0.016639,0.017746,0.01643,0.016036,0.016157,0.015172,0.015538,0.014854,0.01471,0.012463,0.012229,0.012621,0.010882,0.010311,0.013893,0.012617,0.012694,0.009633,0.012015,0.00773,0.012257,0.0164,0.009777,0.006656,0.006201,0.014008,0.00703,0.02266,0.07743,0.126685,0.093322,0.03654,onion,jhagdia
0.01518,0.012192,0.017169,0.017884,0.022171,0.023398,0.025312,0.027861,0.028878,0.029757,0.033389,0.03321,0.035854,0.03723,0.038483,0.038918,0.040898,0.041096,0.042334,0.042375,0.043047,0.044298,0.043907,0.044523,0.046604,0.04755,0.049427,0.054327,0.059709,0.06499,0.069561,0.073094,0.075092,0.077138,0.079019,0.078368,0.077729,0.074315,0.071775,0.068307,0.065726,0.064942,0.064015,0.062601,0.061991,0.06133,0.058711,0.056777,0.055781,0.055312,0.055311,0.054943,0.054259,0.053149,0.051801,0.051988,0.050095,0.049507,0.048527,0.047826,0.04868,0.0514,0.058568,0.073394,0.098151,0.122684,0.142196,0.161957,0.174939,0.186192,0.194887,0.201419,0.207525,0.21198,0.216533,0.218953,0.220587,0.221714,0.224075,0.226728,0.229382,0.231236,0.23344,0.234096,0.235229,0.236624,0.238861,0.24186,0.240988,0.240583,0.242633,0.241842,0.243896,0.244255,0.244293,0.24419,0.245286,0.245837,0.243818,0.24618,0.245971,0.246496,0.248305,0.249065,0.249795,0.25238,0.251975,0.252054,0.253231,0.254082,0.257559,0.258444,0.257124,0.257188,0.254943,0.252383,0.251909,0.251815,0.252703,0.254112,0.253173,0.25618,0.255715,0.256916,0.25972,0.259485,0.260182,0.26267,0.265109,0.265627,0.265275,0.26718,0.26646,0.268845,0.267554,0.269759,0.269159,0.268376,0.271308,0.268837,0.269075,0.269528,0.270373,0.270642,0.268545,0.268136,0.268991,0.271423,0.272174,0.26918,0.27001,0.261012,0.260809,0.256802,0.253498,0.250619,0.249555,0.249493,0.251345,0.252853,0.254542,0.254313,0.254626,0.256115,0.252362,0.251865,0.253341,0.253512,0.253766,0.253856,0.254571,0.255248,0.256489,0.257243,0.257362,0.257046,0.256418,0.256539,0.256442,0.255193,0.257859,0.255046,0.254341,0.253122,0.251113,0.248227,0.244832,0.243913,0.240589,0.24088,0.232752,0.229592,0.224462,0.079501,0.07613,0.076456,0.070143,0.063753,0.064379,0.06527,0.070975,0.070478,0.073185,0.072608,0.075462,0.077128,0.081572,0.085818,0.08908,0.094325,0.098975,0.103991,0.108871,0.11336,0.119053,0.123121,0.128389,0.133332,0.139684,0.1444,0.145971,0.150244,0.154813,0.1575,0.158905,0.162935,0.165504,0.167138,0.169503,0.173519,0.174292,0.175467,0.177909,0.178526,0.18115,0.182695,0.182983,0.183817,0.185599,0.186959,0.186124,0.186448,0.187004,0.18605,0.18465,0.1854,0.182623,0.182384,0.181865,0.180685,0.178771,0.176897,0.173726,0.171425,0.170425,0.170086,0.16551,0.162463,0.159404,0.158258,0.154059,0.151042,0.042084,0.032226,0.028817,0.028305,0.027924,0.027854,0.028152,0.028514,0.028924,0.031082,0.039181,0.035376,0.036022,0.036126,0.034258,0.033974,0.035402,0.036822,0.038678,0.04098,0.04258,0.043407,0.042941,0.046201,0.046609,0.049262,0.050958,0.051924,0.053552,0.056118,0.057212,0.059085,0.061084,0.062651,0.063417,0.064842,0.06678,0.067393,0.068283,0.069423,0.07018,0.070791,0.071777,0.074293,0.074792,0.074589,0.076741,0.0761,0.076641,0.076797,0.077528,0.077906,0.078927,0.076886,0.07808,0.077953,0.077461,0.076367,0.073727,0.072135,0.071166,0.069276,0.068215,0.06597,0.064501,0.063823,0.059936,0.06102,0.060088,0.057811,0.056437,0.05355,0.05338,0.052654,0.048944,0.047776,0.047555,0.045669,0.044269,0.044472,0.041958,0.041159,0.038923,0.038602,0.039054,0.037546,0.037467,0.037631,0.034403,0.032428,0.034815,0.033242,0.033869,0.032445,0.027378,0.027945,0.030472,0.02727,0.030705,0.033945,0.024683,0.023386,0.026063,0.029666,0.026565,0.040006,0.059894,0.053468,0.04934,0.036042,banana,anand
0.024033,0.024484,0.026179,0.027498,0.02886,0.030921,0.033894,0.036168,0.038901,0.040809,0.044317,0.045435,0.047262,0.048892,0.050474,0.052114,0.053887,0.05392,0.055381,0.056445,0.057414,0.058234,0.058776,0.060126,0.061937,0.063636,0.06626,0.07073,0.076026,0.082157,0.08702,0.091106,0.094101,0.095985,0.097561,0.097615,0.09702,0.094115,0.091075,0.088403,0.086577,0.085696,0.084959,0.085095,0.084392,0.083103,0.082154,0.080052,0.079161,0.079449,0.079326,0.078442,0.077602,0.075686,0.0757,0.07562,0.073531,0.072095,0.071357,0.06996,0.071319,0.075472,0.083189,0.09772,0.119545,0.145743,0.175862,0.210739,0.248933,0.284588,0.31709,0.341437,0.363496,0.378703,0.389891,0.401124,0.40039,0.402438,0.409918,0.413674,0.41607,0.418801,0.42041,0.422226,0.425832,0.428648,0.430475,0.4306,0.433258,0.43308,0.43263,0.431396,0.430049,0.433431,0.433433,0.433968,0.433884,0.433668,0.433354,0.435302,0.433672,0.435362,0.437934,0.43735,0.437267,0.439566,0.438188,0.438013,0.4368,0.438882,0.436128,0.431624,0.426561,0.415592,0.403706,0.391006,0.384272,0.3812,0.379971,0.38014,0.379288,0.381928,0.384054,0.38754,0.393252,0.399962,0.403046,0.407258,0.414878,0.417551,0.420565,0.425385,0.429799,0.431836,0.435147,0.438638,0.438983,0.439876,0.439031,0.439513,0.439006,0.438147,0.438755,0.437217,0.434332,0.433366,0.438995,0.430417,0.431634,0.420097,0.407884,0.379138,0.368436,0.345144,0.331874,0.322274,0.315441,0.315029,0.313828,0.313432,0.313615,0.312457,0.311354,0.311595,0.308355,0.309813,0.309626,0.312092,0.312738,0.313531,0.314587,0.316972,0.317421,0.319808,0.32163,0.321852,0.323665,0.32237,0.320616,0.320653,0.316195,0.312925,0.308697,0.303805,0.298984,0.292604,0.286385,0.277134,0.267831,0.26154,0.249435,0.241354,0.231533,0.082534,0.085532,0.081177,0.075841,0.069824,0.06734,0.068426,0.074223,0.073025,0.074301,0.07343,0.075423,0.075085,0.076286,0.079156,0.081627,0.083517,0.087234,0.090435,0.092939,0.097175,0.100415,0.103838,0.106958,0.110393,0.114787,0.117638,0.121119,0.124077,0.126982,0.12996,0.133224,0.135299,0.138694,0.141486,0.142424,0.144824,0.146512,0.148313,0.150818,0.152338,0.154352,0.155588,0.157109,0.157473,0.158535,0.158524,0.159611,0.159727,0.159026,0.158164,0.157995,0.156897,0.156149,0.154884,0.154742,0.152069,0.149957,0.14786,0.144961,0.144174,0.141829,0.138747,0.136031,0.133312,0.130337,0.127589,0.124638,0.123566,0.051319,0.046856,0.043754,0.038813,0.037738,0.037758,0.037531,0.037763,0.038757,0.044339,0.056186,0.049225,0.051573,0.047484,0.043195,0.043279,0.043018,0.043915,0.046272,0.047136,0.049889,0.049705,0.051054,0.051842,0.052357,0.052332,0.05306,0.054156,0.055194,0.056466,0.057405,0.057585,0.05878,0.059227,0.060272,0.061059,0.061713,0.06256,0.062394,0.064093,0.064138,0.065231,0.065667,0.065728,0.066201,0.066674,0.067587,0.067497,0.067595,0.068075,0.068257,0.06768,0.069145,0.067864,0.067547,0.066497,0.065978,0.066228,0.064286,0.064142,0.063449,0.062121,0.061607,0.060646,0.058897,0.058275,0.057614,0.056441,0.05557,0.055429,0.052387,0.051542,0.051318,0.051661,0.050544,0.048773,0.048065,0.047972,0.047453,0.047189,0.045865,0.043891,0.043489,0.045056,0.042574,0.041365,0.042387,0.041705,0.040157,0.038751,0.039525,0.039923,0.041775,0.038481,0.035267,0.03533,0.037653,0.032518,0.036302,0.039914,0.034544,0.031091,0.033097,0.034011,0.038587,0.0419,0.057823,0.062297,0.063719,0.041702,eggplant,anand
-0.021623,-0.012733,-0.0063,-0.004118,0.001811,0.003846,0.005912,0.008965,0.01105,0.012801,0.018834,0.018467,0.021592,0.023765,0.025774,0.027404,0.029643,0.031021,0.032453,0.033643,0.035191,0.03691,0.037682,0.037384,0.039584,0.040516,0.042825,0.047251,0.049484,0.053233,0.056343,0.058199,0.059771,0.06139,0.062811,0.062652,0.062699,0.061574,0.0595,0.057914,0.057535,0.057086,0.059107,0.057658,0.057469,0.056357,0.054854,0.0542,0.053502,0.052921,0.05325,0.053224,0.053062,0.053321,0.052413,0.05131,0.050078,0.049486,0.04849,0.047547,0.048096,0.051589,0.056108,0.063446,0.074444,0.0856,0.097716,0.108033,0.121236,0.134696,0.144651,0.153343,0.161713,0.167399,0.171584,0.172557,0.176229,0.178438,0.180438,0.182123,0.183053,0.185053,0.18591,0.186449,0.189118,0.187491,0.188137,0.191008,0.189929,0.191272,0.19265,0.192119,0.192149,0.191601,0.193826,0.194295,0.193976,0.195052,0.194795,0.195596,0.19584,0.197098,0.195901,0.197248,0.198372,0.198,0.198442,0.199874,0.19726,0.195339,0.207484,0.212714,0.200129,0.202019,0.199242,0.197539,0.195326,0.195382,0.194916,0.19612,0.195521,0.197088,0.197027,0.197781,0.199147,0.200547,0.201345,0.203687,0.205466,0.205887,0.206153,0.20727,0.207623,0.207307,0.20702,0.209574,0.209905,0.209053,0.208509,0.209212,0.210576,0.209845,0.210059,0.210252,0.210486,0.20646,0.20326,0.207727,0.214539,0.214804,0.20144,0.195594,0.192286,0.195474,0.188162,0.183555,0.182392,0.185655,0.186362,0.186456,0.188278,0.187736,0.188279,0.190183,0.187143,0.186034,0.186399,0.186912,0.186925,0.187907,0.189595,0.189135,0.189294,0.189888,0.189472,0.188032,0.186537,0.187615,0.1879,0.186945,0.18743,0.187852,0.185566,0.18406,0.183451,0.181227,0.178244,0.176137,0.172671,0.168061,0.165873,0.158997,0.14824,0.083194,0.095613,0.093843,0.0772,0.076137,0.072836,0.072284,0.08003,0.078974,0.076745,0.078252,0.078837,0.078733,0.08105,0.083306,0.085892,0.088,0.091319,0.09392,0.095922,0.099577,0.102343,0.104648,0.105893,0.107788,0.110379,0.112319,0.11414,0.117357,0.119056,0.121043,0.122508,0.123954,0.126656,0.129297,0.130049,0.130768,0.132478,0.133423,0.134826,0.135402,0.137179,0.137774,0.138597,0.13887,0.139968,0.139004,0.138948,0.138011,0.138975,0.138484,0.137303,0.136258,0.136099,0.134992,0.134667,0.133767,0.13242,0.131089,0.130295,0.128282,0.127783,0.125869,0.124608,0.121898,0.120151,0.116719,0.114346,0.111179,0.043505,0.051466,0.045673,0.038107,0.039753,0.040219,0.040542,0.041308,0.040191,0.04358,0.047876,0.04743,0.047593,0.051337,0.047806,0.047152,0.049227,0.050389,0.051696,0.052297,0.055308,0.055522,0.056501,0.055269,0.056585,0.058603,0.058405,0.059446,0.060319,0.062538,0.063491,0.063036,0.064023,0.065482,0.065958,0.067761,0.067864,0.067209,0.068085,0.0696,0.070048,0.069787,0.070288,0.070547,0.071299,0.071576,0.072476,0.071749,0.071244,0.072429,0.07251,0.071854,0.072649,0.071753,0.071446,0.071159,0.071364,0.068727,0.067408,0.066079,0.064939,0.063693,0.061377,0.060699,0.059915,0.059025,0.058348,0.057056,0.055553,0.056008,0.054442,0.052676,0.0529,0.051233,0.050298,0.050179,0.049023,0.049417,0.045664,0.045732,0.04597,0.044184,0.040864,0.043443,0.043675,0.041481,0.040533,0.03989,0.038384,0.035137,0.035485,0.035383,0.034056,0.035207,0.032739,0.030869,0.032787,0.030178,0.027728,0.0286,0.027109,0.021717,0.023185,0.022457,0.026398,0.02702,0.058748,0.064554,0.057275,0.027264,banana,jhagdia
0.006642,0.009094,0.014168,0.017066,0.018428,0.02111,0.0238,0.024399,0.027343,0.028069,0.030752,0.03213,0.033465,0.034394,0.035949,0.036749,0.038028,0.038441,0.039348,0.039683,0.040917,0.041775,0.042966,0.042996,0.044593,0.045289,0.048314,0.051922,0.055701,0.061321,0.064652,0.067167,0.069412,0.070286,0.07165,0.071777,0.070115,0.068306,0.065723,0.06384,0.062182,0.061733,0.061452,0.060933,0.059736,0.058676,0.057617,0.056057,0.056116,0.055837,0.055986,0.055589,0.054388,0.053979,0.052409,0.052321,0.050645,0.049203,0.048395,0.048293,0.049041,0.052139,0.056344,0.067666,0.081003,0.097573,0.115472,0.137458,0.166874,0.196441,0.218931,0.235595,0.25302,0.264375,0.275574,0.273103,0.283664,0.293731,0.29108,0.292922,0.296265,0.299354,0.300031,0.301489,0.303783,0.303319,0.304488,0.312217,0.312637,0.313148,0.314114,0.314976,0.312219,0.311746,0.314259,0.317115,0.314149,0.315237,0.317495,0.318602,0.315555,0.319343,0.31792,0.319876,0.323038,0.319722,0.324933,0.327276,0.324367,0.318946,0.328476,0.347276,0.327341,0.325142,0.323996,0.315253,0.315996,0.308617,0.303587,0.308153,0.307068,0.309223,0.308597,0.309793,0.317197,0.316106,0.320384,0.321356,0.325654,0.328872,0.332085,0.329856,0.334737,0.336261,0.336736,0.337907,0.340893,0.342015,0.342512,0.342861,0.343459,0.344693,0.344413,0.342348,0.345054,0.33928,0.332887,0.339893,0.350403,0.347163,0.316419,0.311582,0.29516,0.310174,0.29687,0.289169,0.282156,0.281194,0.28135,0.278494,0.281432,0.278726,0.279376,0.278917,0.27868,0.274719,0.277537,0.279314,0.280385,0.28271,0.286017,0.287311,0.287958,0.288377,0.288786,0.290811,0.290579,0.291832,0.291906,0.291122,0.286181,0.287956,0.284487,0.280498,0.276316,0.27524,0.271464,0.261017,0.253797,0.246829,0.237293,0.230421,0.221932,0.126266,0.122528,0.117005,0.094702,0.085418,0.079092,0.082233,0.094337,0.08746,0.087848,0.087573,0.088724,0.088216,0.088157,0.091878,0.09358,0.097744,0.100337,0.103024,0.106863,0.109678,0.113579,0.115631,0.119137,0.121413,0.12662,0.130394,0.130762,0.133625,0.136382,0.139272,0.142966,0.144054,0.145989,0.147712,0.150872,0.151464,0.154129,0.155456,0.158199,0.158396,0.159714,0.161274,0.163137,0.164549,0.16356,0.163942,0.163357,0.163837,0.164359,0.163119,0.163157,0.163153,0.16028,0.159074,0.158959,0.157127,0.155713,0.154604,0.152509,0.150718,0.149202,0.147019,0.143466,0.141946,0.139362,0.13631,0.13308,0.131235,0.056801,0.05089,0.04273,0.038421,0.037149,0.037436,0.037925,0.038989,0.03938,0.039469,0.044084,0.044,0.045993,0.044197,0.045063,0.045504,0.046282,0.047673,0.050037,0.049015,0.049979,0.052604,0.054243,0.053427,0.055718,0.056846,0.058018,0.058795,0.061665,0.061044,0.063036,0.064341,0.064349,0.066162,0.065603,0.067673,0.068963,0.068823,0.069351,0.070467,0.072042,0.071672,0.072672,0.072674,0.074719,0.074625,0.076152,0.075902,0.075822,0.07507,0.076678,0.077546,0.076992,0.075803,0.075152,0.074255,0.074056,0.073332,0.071803,0.069446,0.068723,0.067202,0.066476,0.064558,0.063652,0.061977,0.061482,0.059743,0.059129,0.056408,0.055619,0.054327,0.0538,0.052716,0.052733,0.050545,0.049191,0.048159,0.04708,0.045121,0.045106,0.044008,0.04263,0.043243,0.041529,0.042255,0.0418,0.039612,0.038239,0.035017,0.03567,0.037634,0.037474,0.037241,0.031589,0.030447,0.032201,0.030812,0.030723,0.033188,0.027355,0.025689,0.02763,0.025795,0.035429,0.045741,0.120157,0.190561,0.125928,0.060198,sapota,talala
0.019744,0.023171,0.027156,0.03021,0.030939,0.031757,0.033685,0.034905,0.035595,0.037483,0.040535,0.040909,0.041895,0.043035,0.044343,0.044684,0.045731,0.045867,0.047214,0.046849,0.047184,0.047984,0.048603,0.048566,0.050138,0.050411,0.053151,0.055874,0.058533,0.062151,0.065568,0.067443,0.068824,0.070853,0.07148,0.071887,0.070931,0.069856,0.068493,0.066248,0.065751,0.064384,0.064469,0.064085,0.064069,0.062759,0.062783,0.061635,0.060569,0.059938,0.060278,0.060216,0.059845,0.057575,0.057509,0.058051,0.056567,0.055794,0.05586,0.055328,0.055726,0.058944,0.065136,0.074042,0.086161,0.098309,0.111626,0.124519,0.141381,0.155105,0.168635,0.179457,0.188736,0.195067,0.198692,0.200695,0.203249,0.206564,0.207035,0.207877,0.209103,0.210388,0.210339,0.211192,0.211851,0.212603,0.212992,0.213338,0.213231,0.21469,0.214436,0.214332,0.214089,0.214139,0.214877,0.214736,0.214883,0.213557,0.215132,0.214505,0.214485,0.215249,0.214254,0.215532,0.216349,0.216308,0.215241,0.215932,0.215581,0.214697,0.215173,0.217181,0.213499,0.211402,0.206632,0.203886,0.201964,0.201299,0.19987,0.200077,0.199641,0.200497,0.201057,0.20289,0.20568,0.206652,0.209377,0.210573,0.211724,0.213386,0.214911,0.215573,0.217553,0.218637,0.219322,0.220233,0.220217,0.221412,0.221788,0.220219,0.220612,0.220954,0.22004,0.218069,0.219101,0.217344,0.216969,0.215138,0.216608,0.213518,0.206916,0.202667,0.196993,0.189276,0.186577,0.181438,0.180479,0.179721,0.178295,0.177303,0.177724,0.177311,0.1774,0.178163,0.17544,0.176095,0.176973,0.178547,0.177487,0.178808,0.180353,0.180358,0.181487,0.181559,0.182787,0.182452,0.182105,0.183241,0.183358,0.182405,0.182027,0.17976,0.178569,0.176521,0.175127,0.171677,0.168328,0.164169,0.160604,0.156316,0.154221,0.150131,0.144762,0.086623,0.085768,0.085699,0.086761,0.086446,0.085348,0.08527,0.088259,0.088306,0.090629,0.0905,0.092488,0.092977,0.094452,0.096759,0.098138,0.099835,0.100947,0.102923,0.105589,0.10594,0.108179,0.109845,0.109475,0.111911,0.114805,0.117152,0.118032,0.118343,0.121076,0.121796,0.12345,0.124023,0.124537,0.126089,0.127873,0.128249,0.129671,0.129083,0.13066,0.132568,0.133455,0.134217,0.134089,0.134417,0.136169,0.136044,0.13689,0.13607,0.136262,0.1366,0.136256,0.136864,0.135635,0.134586,0.134445,0.133881,0.133385,0.132291,0.130694,0.13055,0.129014,0.128962,0.128376,0.126517,0.12541,0.124624,0.123378,0.121606,0.056956,0.063744,0.061183,0.063805,0.06376,0.06353,0.064769,0.066279,0.066596,0.060355,0.066625,0.069155,0.068695,0.071566,0.073828,0.076108,0.076631,0.077687,0.078917,0.080135,0.081716,0.081767,0.081116,0.082653,0.084213,0.085584,0.085739,0.086588,0.087489,0.088716,0.087614,0.090319,0.090534,0.090776,0.09036,0.090782,0.09109,0.092204,0.091659,0.092292,0.091297,0.091359,0.091535,0.092157,0.091355,0.090983,0.089879,0.090451,0.087959,0.086318,0.085868,0.088439,0.087437,0.087536,0.087984,0.088444,0.087721,0.085314,0.085639,0.085222,0.084582,0.083221,0.083708,0.082979,0.08127,0.079531,0.079513,0.079153,0.07929,0.077042,0.075647,0.075354,0.074481,0.074222,0.072628,0.071928,0.069619,0.068994,0.068484,0.068114,0.066437,0.064752,0.065031,0.062797,0.062769,0.06241,0.06046,0.060448,0.060545,0.05889,0.056837,0.057384,0.054236,0.056143,0.053862,0.051661,0.051743,0.05025,0.048069,0.043614,0.04578,0.043751,0.045313,0.040958,0.045708,0.041915,0.048941,0.045323,0.051178,0.038078,cucumber,kota
0.019744,0.023171,0.027156,0.03021,0.030939,0.031757,0.033685,0.034905,0.035595,0.037483,0.040535,0.040909,0.041895,0.043035,0.044343,0.044684,0.045731,0.045867,0.047214,0.046849,0.047184,0.047984,0.048603,0.048566,0.050138,0.050411,0.053151,0.055874,0.058533,0.062151,0.065568,0.067443,0.068824,0.070853,0.07148,0.071887,0.070931,0.069856,0.068493,0.066248,0.065751,0.064384,0.064469,0.064085,0.064069,0.062759,0.062783,0.061635,0.060569,0.059938,0.060278,0.060216,0.059845,0.057575,0.057509,0.058051,0.056567,0.055794,0.05586,0.055328,0.055726,0.058944,0.065136,0.074042,0.086161,0.098309,0.111626,0.124519,0.141381,0.155105,0.168635,0.179457,0.188736,0.195067,0.198692,0.200695,0.203249,0.206564,0.207035,0.207877,0.209103,0.210388,0.210339,0.211192,0.211851,0.212603,0.212992,0.213338,0.213231,0.21469,0.214436,0.214332,0.214089,0.214139,0.214877,0.214736,0.214883,0.213557,0.215132,0.214505,0.214485,0.215249,0.214254,0.215532,0.216349,0.216308,0.215241,0.215932,0.215581,0.214697,0.215173,0.217181,0.213499,0.211402,0.206632,0.203886,0.201964,0.201299,0.19987,0.200077,0.199641,0.200497,0.201057,0.20289,0.20568,0.206652,0.209377,0.210573,0.211724,0.213386,0.214911,0.215573,0.217553,0.218637,0.219322,0.220233,0.220217,0.221412,0.221788,0.220219,0.220612,0.220954,0.22004,0.218069,0.219101,0.217344,0.216969,0.215138,0.216608,0.213518,0.206916,0.202667,0.196993,0.189276,0.186577,0.181438,0.180479,0.179721,0.178295,0.177303,0.177724,0.177311,0.1774,0.178163,0.17544,0.176095,0.176973,0.178547,0.177487,0.178808,0.180353,0.180358,0.181487,0.181559,0.182787,0.182452,0.182105,0.183241,0.183358,0.182405,0.182027,0.17976,0.178569,0.176521,0.175127,0.171677,0.168328,0.164169,0.160604,0.156316,0.154221,0.150131,0.144762,0.077955,0.079626,0.075198,0.074407,0.071326,0.072096,0.0712,0.074105,0.076317,0.076565,0.076401,0.079482,0.079447,0.081028,0.083375,0.085561,0.087721,0.090935,0.092423,0.095189,0.097339,0.100632,0.102958,0.104771,0.106915,0.109722,0.111805,0.113011,0.115568,0.1176,0.120009,0.121448,0.12346,0.124537,0.126089,0.127873,0.128249,0.129671,0.129083,0.13066,0.132568,0.133455,0.134217,0.134089,0.134417,0.136169,0.136044,0.13689,0.13607,0.136262,0.1366,0.136256,0.136864,0.135635,0.134586,0.134445,0.133881,0.133155,0.132291,0.130694,0.130063,0.127485,0.127057,0.12585,0.12362,0.121722,0.120533,0.118808,0.117821,0.047008,0.047788,0.045453,0.045854,0.044427,0.042781,0.043853,0.04406,0.045264,0.046918,0.052685,0.050017,0.05043,0.054587,0.051812,0.051483,0.051715,0.053821,0.054536,0.054798,0.056209,0.056511,0.057099,0.061085,0.05897,0.059731,0.0608,0.061453,0.063503,0.062775,0.063122,0.064135,0.065026,0.065545,0.066401,0.066943,0.068599,0.068385,0.070021,0.070241,0.070258,0.070798,0.071972,0.072769,0.071377,0.073066,0.074419,0.072855,0.073579,0.073802,0.074522,0.074161,0.075906,0.073955,0.074035,0.074066,0.072992,0.072207,0.071325,0.069241,0.068889,0.067053,0.066259,0.06575,0.063795,0.06235,0.062411,0.061442,0.0604,0.060938,0.058608,0.057121,0.056475,0.057103,0.054888,0.054376,0.053858,0.052503,0.052552,0.052746,0.050311,0.049036,0.047602,0.049201,0.047012,0.047447,0.045956,0.045083,0.044935,0.044261,0.045146,0.043915,0.045469,0.041597,0.039866,0.038667,0.039525,0.038621,0.036979,0.038724,0.03641,0.034179,0.035906,0.033973,0.039868,0.04089,0.037701,0.045323,0.047365,0.034299,mustard,kota
0.013274,0.014817,0.018137,0.018443,0.02068,0.022859,0.024436,0.024839,0.025959,0.026906,0.029305,0.029102,0.030775,0.032361,0.033079,0.03375,0.036324,0.036106,0.037874,0.037922,0.038535,0.039559,0.040008,0.040068,0.041609,0.041265,0.043299,0.045755,0.048506,0.050556,0.052805,0.0536,0.055543,0.056203,0.056321,0.056655,0.05628,0.056012,0.05429,0.05373,0.05308,0.053119,0.053274,0.052617,0.05301,0.052591,0.051533,0.051314,0.050549,0.050517,0.050586,0.050317,0.049949,0.049273,0.04857,0.04766,0.047156,0.045569,0.044876,0.043861,0.044408,0.048174,0.054404,0.062877,0.074214,0.087884,0.103936,0.119207,0.136298,0.155067,0.170811,0.184609,0.198999,0.208806,0.21581,0.221527,0.223251,0.223434,0.230149,0.234206,0.238448,0.240046,0.24374,0.244188,0.246988,0.247718,0.250839,0.253183,0.252772,0.254711,0.253418,0.257577,0.259282,0.259293,0.262243,0.260999,0.261621,0.266061,0.264257,0.265626,0.265422,0.267619,0.267143,0.270198,0.269968,0.271934,0.270663,0.271926,0.273195,0.274357,0.27084,0.271546,0.271952,0.269107,0.26501,0.261661,0.258143,0.257481,0.257203,0.257424,0.257069,0.258848,0.26074,0.26391,0.268215,0.269294,0.270819,0.272579,0.27634,0.278948,0.279382,0.282165,0.284962,0.287252,0.287278,0.289131,0.289861,0.29038,0.29082,0.293414,0.293044,0.291547,0.293333,0.294829,0.290407,0.29008,0.29029,0.287039,0.289263,0.281852,0.275418,0.265668,0.256267,0.245726,0.236934,0.228787,0.224566,0.222858,0.220095,0.221082,0.218422,0.217681,0.216716,0.217587,0.216522,0.215613,0.218291,0.221036,0.223621,0.224956,0.225854,0.22787,0.230518,0.232277,0.233513,0.23579,0.236944,0.238877,0.238235,0.235114,0.23515,0.231729,0.229157,0.225872,0.219988,0.220534,0.211785,0.206113,0.198971,0.19018,0.184554,0.177847,0.173463,0.069412,0.06365,0.064523,0.057404,0.054774,0.051824,0.053129,0.057102,0.058536,0.057461,0.058597,0.058871,0.058821,0.060503,0.062445,0.065103,0.066442,0.069335,0.071548,0.073234,0.076195,0.078052,0.079061,0.081441,0.083787,0.084467,0.086384,0.089196,0.091316,0.0919,0.093842,0.097525,0.098063,0.09858,0.101932,0.102534,0.104177,0.105225,0.106712,0.107793,0.108619,0.108889,0.109678,0.110252,0.110845,0.111354,0.110703,0.110807,0.110412,0.107933,0.107141,0.105061,0.103147,0.102046,0.100832,0.098949,0.097559,0.09596,0.095011,0.093666,0.09386,0.09356,0.092695,0.093048,0.088497,0.089728,0.086741,0.086424,0.085762,0.033311,0.033181,0.03721,0.030095,0.029315,0.027992,0.027781,0.02833,0.029063,0.033116,0.035839,0.033172,0.035995,0.034809,0.033257,0.032662,0.032297,0.034023,0.03481,0.036092,0.037851,0.0369,0.037463,0.03876,0.038,0.038805,0.039424,0.038241,0.039416,0.040362,0.0411,0.041593,0.040903,0.041853,0.041436,0.042471,0.043285,0.043606,0.042972,0.044988,0.044068,0.044945,0.044955,0.044408,0.045039,0.045919,0.046667,0.047125,0.045828,0.045947,0.048196,0.047962,0.04764,0.047965,0.048484,0.048667,0.046812,0.045436,0.045388,0.043545,0.04294,0.041149,0.039686,0.038518,0.037685,0.03738,0.036712,0.035099,0.034645,0.034159,0.032547,0.033732,0.033261,0.032642,0.032881,0.032629,0.032047,0.031855,0.029668,0.031339,0.030098,0.029694,0.029255,0.031164,0.031077,0.028563,0.030985,0.029289,0.026255,0.026053,0.027639,0.027686,0.030142,0.026245,0.026727,0.024552,0.026479,0.022742,0.028349,0.027072,0.026554,0.022888,0.025577,0.025397,0.025388,0.032076,0.042588,0.05157,0.037225,0.0326,mango,anand
0.009082,0.012454,0.012358,0.014411,0.015925,0.017011,0.018059,0.019037,0.020381,0.021144,0.024424,0.023349,0.024699,0.025619,0.026079,0.027176,0.027331,0.027778,0.027979,0.02837,0.028987,0.028645,0.028775,0.029089,0.029925,0.030037,0.032147,0.034651,0.037854,0.041046,0.043835,0.045862,0.046883,0.047662,0.047861,0.047354,0.046403,0.044084,0.04168,0.039739,0.037791,0.036969,0.036434,0.035579,0.035517,0.034505,0.033719,0.032333,0.03189,0.031365,0.031137,0.030702,0.030205,0.029056,0.028835,0.027911,0.027091,0.026371,0.02644,0.025848,0.026474,0.028198,0.032807,0.039703,0.052741,0.067028,0.082552,0.103227,0.12828,0.155741,0.184689,0.212783,0.239578,0.262197,0.277434,0.284529,0.289999,0.300271,0.301713,0.304101,0.306932,0.307318,0.308209,0.310709,0.312257,0.314014,0.312768,0.316835,0.315675,0.315356,0.315751,0.313926,0.314845,0.315371,0.315048,0.314709,0.315775,0.315819,0.314089,0.315691,0.31557,0.315723,0.315905,0.31708,0.317927,0.31545,0.316619,0.315794,0.315156,0.312126,0.310402,0.309617,0.305173,0.298198,0.28819,0.281818,0.27472,0.274128,0.271587,0.270244,0.270555,0.272073,0.272759,0.275328,0.279717,0.283327,0.285494,0.289767,0.293127,0.297054,0.299639,0.302099,0.305108,0.307175,0.306553,0.308397,0.310433,0.312119,0.313175,0.312449,0.31049,0.31062,0.309418,0.306905,0.306021,0.304191,0.303277,0.299371,0.296712,0.294,0.284227,0.269508,0.253919,0.239541,0.231234,0.22527,0.220289,0.21868,0.216158,0.216,0.215521,0.214238,0.213451,0.213047,0.210525,0.211196,0.21114,0.213086,0.213063,0.214084,0.215282,0.216607,0.216844,0.218418,0.219345,0.220347,0.219668,0.218753,0.219257,0.218363,0.216811,0.214169,0.211239,0.208534,0.204385,0.199715,0.19581,0.187765,0.182661,0.175571,0.169286,0.163498,0.156879,0.044792,0.04464,0.043592,0.040537,0.039785,0.038542,0.040154,0.042518,0.042396,0.04327,0.044321,0.045672,0.047466,0.048607,0.051125,0.052727,0.055289,0.057664,0.059889,0.062895,0.065757,0.068198,0.070804,0.073191,0.07596,0.078062,0.080614,0.081507,0.084872,0.086997,0.089063,0.091048,0.092325,0.093921,0.096105,0.097926,0.100189,0.100481,0.102247,0.103845,0.104788,0.106073,0.107412,0.108529,0.109251,0.110481,0.109898,0.110811,0.11029,0.110762,0.110293,0.109023,0.109404,0.108476,0.107618,0.105947,0.105983,0.105215,0.103127,0.102224,0.10086,0.099672,0.098293,0.096132,0.094748,0.09251,0.089518,0.088431,0.087067,0.01332,0.01367,0.012748,0.012773,0.014287,0.013752,0.013332,0.014584,0.015132,0.014244,0.012762,0.016191,0.014772,0.018472,0.018991,0.020141,0.020374,0.021338,0.022582,0.02336,0.023463,0.025433,0.024042,0.025951,0.028334,0.028233,0.030399,0.030938,0.031547,0.032644,0.033933,0.034551,0.035669,0.036201,0.036708,0.03826,0.038822,0.039739,0.040434,0.041291,0.041699,0.040905,0.042418,0.043348,0.043475,0.043403,0.043908,0.044668,0.044566,0.044963,0.045926,0.045702,0.046447,0.046052,0.044649,0.045089,0.045444,0.043539,0.042407,0.041752,0.040519,0.040246,0.038269,0.037563,0.036885,0.036163,0.036279,0.035788,0.034717,0.032427,0.032381,0.031349,0.02986,0.029974,0.029964,0.028729,0.02761,0.026571,0.027022,0.02563,0.024795,0.024448,0.023359,0.020493,0.021578,0.021061,0.022403,0.020632,0.020057,0.019655,0.019147,0.017582,0.01748,0.017893,0.016426,0.014941,0.015949,0.014864,0.015299,0.014432,0.013907,0.012964,0.012648,0.012216,0.013595,0.015416,0.02413,0.021851,0.020477,0.019087,wheat,kota
-0.021623,-0.012733,-0.0063,-0.004118,0.001811,0.003846,0.005912,0.008965,0.01105,0.012801,0.018834,0.018467,0.021592,0.023765,0.025774,0.027404,0.029643,0.031021,0.032453,0.033643,0.035191,0.03691,0.037682,0.037384,0.039584,0.040516,0.042825,0.047251,0.049484,0.053233,0.056343,0.058199,0.059771,0.06139,0.062811,0.062652,0.062699,0.061574,0.0595,0.057914,0.057535,0.057086,0.059107,0.057658,0.057469,0.056357,0.054854,0.0542,0.053502,0.052921,0.05325,0.053224,0.053062,0.053321,0.052413,0.05131,0.050078,0.049486,0.04849,0.047547,0.048096,0.051589,0.056108,0.063446,0.074444,0.0856,0.097716,0.108033,0.121236,0.134696,0.144651,0.153343,0.161713,0.167399,0.171584,0.172557,0.176229,0.178438,0.180438,0.182123,0.183053,0.185053,0.18591,0.186449,0.189118,0.187491,0.188137,0.191008,0.189929,0.191272,0.19265,0.192119,0.192149,0.191601,0.193826,0.194295,0.193976,0.195052,0.194795,0.195596,0.19584,0.197098,0.195901,0.197248,0.198372,0.198,0.198442,0.199874,0.19726,0.195339,0.207484,0.212714,0.200129,0.202019,0.199242,0.197539,0.195326,0.195382,0.194916,0.19612,0.195521,0.197088,0.197027,0.197781,0.199147,0.200547,0.201345,0.203687,0.205466,0.205887,0.206153,0.20727,0.207623,0.207307,0.20702,0.209574,0.209905,0.209053,0.208509,0.209212,0.210576,0.209845,0.210059,0.210252,0.210486,0.20646,0.20326,0.207727,0.214539,0.214804,0.20144,0.195594,0.192286,0.195474,0.188162,0.183555,0.182392,0.185655,0.186362,0.186456,0.188278,0.187736,0.188279,0.190183,0.187143,0.186034,0.186399,0.186912,0.186925,0.187907,0.189595,0.189135,0.189294,0.189888,0.189472,0.188032,0.186537,0.187615,0.1879,0.186945,0.18743,0.187852,0.185566,0.18406,0.183451,0.181227,0.178244,0.176137,0.172671,0.168061,0.165873,0.158997,0.14824,0.083194,0.095613,0.093843,0.0772,0.076137,0.072836,0.072284,0.08003,0.078974,0.076745,0.078252,0.078837,0.078733,0.08105,0.083306,0.085892,0.088,0.091319,0.09392,0.095922,0.099577,0.102343,0.104648,0.105893,0.107788,0.110379,0.112319,0.11414,0.117357,0.119056,0.121043,0.122508,0.123954,0.126656,0.129297,0.130049,0.130768,0.132478,0.133423,0.134826,0.135402,0.137179,0.137774,0.138597,0.13887,0.139968,0.139004,0.138948,0.138011,0.138975,0.138484,0.137303,0.136258,0.136099,0.134992,0.134667,0.133767,0.13242,0.131089,0.130295,0.128282,0.127783,0.125869,0.124608,0.121898,0.120151,0.116719,0.114346,0.111179,0.043505,0.051466,0.045673,0.038107,0.039753,0.040219,0.040542,0.041308,0.040191,0.04358,0.047876,0.04743,0.047593,0.051337,0.047806,0.047152,0.049227,0.050389,0.051696,0.052297,0.055308,0.055522,0.056501,0.055269,0.056585,0.058603,0.058405,0.059446,0.060319,0.062538,0.063491,0.063036,0.064023,0.065482,0.065958,0.067761,0.067864,0.067209,0.068085,0.0696,0.070048,0.069787,0.070288,0.070547,0.071299,0.071576,0.072476,0.071749,0.071244,0.072429,0.07251,0.071854,0.072649,0.071753,0.071446,0.071159,0.071364,0.068727,0.067408,0.066079,0.064939,0.063693,0.061377,0.060699,0.059915,0.059025,0.058348,0.057056,0.055553,0.056008,0.054442,0.052676,0.0529,0.051233,0.050298,0.050179,0.049023,0.049417,0.045664,0.045732,0.04597,0.044184,0.040864,0.043443,0.043675,0.041481,0.040533,0.03989,0.038384,0.035137,0.035485,0.035383,0.034056,0.035207,0.032739,0.030869,0.032787,0.030178,0.027728,0.0286,0.027109,0.021717,0.023185,0.022457,0.026398,0.02702,0.058748,0.064554,0.057275,0.027264,sugarcane,jhagdia
0.019089,0.02115,0.021631,0.024591,0.025433,0.028249,0.02953,0.031947,0.033354,0.034675,0.038146,0.03917,0.041057,0.042625,0.044556,0.046087,0.047879,0.048836,0.049339,0.05047,0.051794,0.053149,0.053426,0.05488,0.056306,0.058107,0.06171,0.067036,0.07231,0.079004,0.083452,0.088133,0.091006,0.093483,0.095374,0.095142,0.094738,0.091964,0.089495,0.086597,0.08448,0.082956,0.082635,0.082503,0.082197,0.080975,0.079174,0.077819,0.076414,0.077432,0.076799,0.075656,0.074992,0.073486,0.071597,0.071374,0.06979,0.068318,0.067647,0.066605,0.067801,0.072529,0.082843,0.09873,0.122676,0.147569,0.178227,0.210358,0.241747,0.269491,0.292339,0.309649,0.324481,0.33442,0.342004,0.35025,0.349926,0.361775,0.356985,0.359367,0.362149,0.365729,0.366499,0.36921,0.371251,0.371956,0.372705,0.376254,0.378709,0.378913,0.37925,0.379917,0.380872,0.379896,0.380663,0.380263,0.382228,0.383625,0.384202,0.384959,0.384573,0.386575,0.388269,0.389646,0.389574,0.391117,0.38979,0.391825,0.393048,0.39191,0.392787,0.387095,0.385507,0.380852,0.373756,0.364032,0.357376,0.359468,0.357512,0.357184,0.356642,0.359103,0.361211,0.364686,0.368426,0.373593,0.376719,0.379035,0.383297,0.386962,0.39013,0.393798,0.397149,0.399596,0.400024,0.402222,0.401251,0.403764,0.404739,0.404004,0.404313,0.403436,0.402917,0.401325,0.401797,0.399268,0.402127,0.398212,0.399613,0.392418,0.380256,0.364538,0.353758,0.337221,0.320612,0.317557,0.312639,0.311905,0.309337,0.310554,0.309899,0.310426,0.309883,0.309394,0.308047,0.308001,0.309137,0.309883,0.311078,0.31255,0.314611,0.315609,0.31734,0.318772,0.320042,0.32184,0.322507,0.323677,0.320654,0.318805,0.316676,0.313244,0.311443,0.306223,0.301274,0.297771,0.289878,0.283802,0.274784,0.267632,0.258593,0.250417,0.244794,0.105397,0.102796,0.098075,0.093293,0.088396,0.086081,0.087783,0.094582,0.094028,0.094395,0.095721,0.095628,0.096398,0.098687,0.102621,0.104491,0.107556,0.111583,0.114204,0.118376,0.122596,0.126647,0.128829,0.132257,0.136318,0.139931,0.143795,0.147068,0.149671,0.154075,0.155423,0.158676,0.16039,0.16299,0.166425,0.167545,0.169285,0.171694,0.172265,0.175103,0.177254,0.178537,0.179566,0.180882,0.18116,0.180712,0.1815,0.182152,0.181185,0.180218,0.180824,0.179811,0.178679,0.177877,0.17646,0.175423,0.173603,0.172665,0.170367,0.168401,0.16614,0.164989,0.162013,0.159491,0.157862,0.154862,0.15238,0.149869,0.147879,0.067008,0.065398,0.058369,0.051707,0.051259,0.051026,0.050157,0.05114,0.051193,0.059057,0.076164,0.063387,0.068099,0.061287,0.058654,0.058352,0.058879,0.060655,0.061928,0.064763,0.068324,0.06761,0.070431,0.06995,0.070935,0.070373,0.072799,0.072878,0.07468,0.074769,0.07607,0.078241,0.078985,0.080118,0.08092,0.082496,0.08215,0.082597,0.082844,0.084597,0.085088,0.084113,0.085749,0.086612,0.08785,0.088362,0.089705,0.088484,0.088036,0.090236,0.088533,0.089661,0.090481,0.08941,0.089365,0.088525,0.088177,0.087363,0.085277,0.08498,0.082973,0.082,0.081114,0.08027,0.079164,0.076737,0.076103,0.075344,0.0739,0.073536,0.071778,0.068782,0.069716,0.068347,0.068299,0.066808,0.065117,0.065332,0.063661,0.064764,0.062624,0.059692,0.058565,0.060321,0.059406,0.057354,0.056382,0.056151,0.054376,0.053485,0.055498,0.054639,0.056545,0.053659,0.050372,0.048564,0.051764,0.046467,0.050534,0.053244,0.04541,0.044545,0.04296,0.044546,0.049543,0.051026,0.066081,0.079815,0.07428,0.049463,legumes,anand
